S/N,District,Agency,Name,Address,Tel,Fax,Hostel,Home_for_Aged,Care_and_Attention,Nursing_Home,Total,Sex,Religion
1,"Central/Western
中西區","The Sisters of the Immaculate Heart of Mary
聖母潔心會","Chee Sing Kok Social Centre of the Humanity Love
慈星閣仁愛服務中心","404 Victoria Road, Mount Davis, Hong Kong
香港摩星嶺域多利道404號",28170215,28198317.0,0,21,20.0,0.0,41.0,"F
女            ","Catholic
天主教      "
2,"Wanchai
灣仔區","St James' Settlement
聖雅各福群會                             ","St James' Settlement True Light Home for the Aged
聖雅各福群會真光護老之家                     ","2/F-9/F, 83 Kennedy Road, Wan Chai, Hong Kong
香港灣仔堅尼地道83號2字樓至9字樓",28388411,28386634.0,0,0,50.0,65.0,115.0,"M/F
男/女                         ","Christian
基督教                "
3,"Eastern
東區","Hong Kong Housing Society
香港房屋協會                       ","Hong Kong Housing Society - The Tanner Hill Joyous Home
香港房屋協會 - 雋康頤庭     ","3/F (portion), 6/F (portion) and 7/F to 9/F, Podium, The Tanner Hill, 8 Tanner Road, North Point, Hong Kong
香港北角丹拿道8號雋悅基座3樓（部分）、6樓（部分）及7至9樓",22809100,22809168.0,0,0,117.0,0.0,117.0,"M/F
男/女                         ","Nil
無              "
4,"Southern
南區","The Little Sisters of the Poor
安貧小姊妹會                        ","Little Sisters of the Poor St. Mary's Home for the Aged
安貧小姊妹會聖瑪利安老院                                             ","2 Welfare Road, Wong Chuk Hang, Aberdeen, Hong Kong
香港香港仔黃竹坑惠福道2號                                                     ",28700088,25557280.0,0,74,25.0,0.0,99.0,"M/F
男/女                         ","Catholic
天主教      "
5,"Southern
南區","Tung Wah Group of Hospitals
東華三院                                 ","TWGHs Jockey Club Blissful Villa
東華三院賽馬會朗愉居                          ","Portion of G/F, 3/F,  Portion of 4/F and 5/F to Roof, TWGHs Jockey Club Sunshine Complex for the Elderly, 29 Nam Long Shan Road, Wong Chuk Hang, Hong Kong
香港黃竹坑南朗山道29號東華三院賽馬會松朗安老綜合中心地下部分、3樓、4樓部分及5樓至天台",22923456,22923500.0,0,0,243.0,0.0,243.0,"M/F
男/女                         ","Nil
無              "
6,"Southern
南區","The Hong Kong Society for Rehabilitation 
香港復康會","Tsang Shiu Tim Home for the Elderly
曾肇添護老院","4/F – 6/F, 7 Sha Wan Drive, Pok Fu Lam, Hong Kong 
香港薄扶林沙灣徑7號4-6字樓",31432933,28728938.0,0,0,113.0,0.0,113.0,"M/F
男/女                         ","Nil
無              "
7,"Kowloon City
九龍城區","Asia Women's League Limited
亞洲婦女協進會有限公司                        ","Asia Women's League Limited 
Self-financing Home for the Elderly
亞洲婦女協進會頤養之家                            ","4/F & 5/F, Ho Leung Kit Ting Building, 3 Hereford Road, Kowloon Tong, Kowloon
九龍九龍塘禧福道三號何梁潔庭大樓4字樓及5字樓",23376617,23372250.0,0,0,69.0,0.0,69.0,"M/F
男/女                         ","Nil
無              "
8,"Kowloon City
九龍城區","The Hong Kong Lutheran Church - Hong Kong Synod Limited 
香港路德會有限公司","The Jockey Club Lutheran Home for the Elderly 
路德會賽馬會安老院","Part of G/F, 6/F &7/F, 89 Chung Hau Street, Ho Man Tin, Kowloon
九龍何文田忠孝街89號地下部分、6字樓及7字樓 ",27152221,27158820.0,0,0,74.0,0.0,74.0,"M/F
男/女                         ","Christian
基督教                "
9,"Yau Tsim Mong
油尖旺區","Lord Grace Home for the Aged Company Limited 
九龍主恩堂敬老之家有限公司","Lord Grace Home for the Aged Company Limited 
九龍主恩堂敬老之家有限公司","Portion of 1/F, Tai On House, 75-77 Tong Mi Road, Tai Kok Tsui, Kowloon 
九龍大角咀塘尾道75-77號大安樓二樓（部分）",23949487,23862519.0,0,0,35.0,0.0,35.0,"M/F
男/女                         ","Christian
基督教                "
10,"Yau Tsim Mong
油尖旺區","Wang Shin Limited
弘善有限公司                                     ","Ngai Chi Elderly Home
毅慈康寧苑                                                  ","1/F to 3/F and Kitchen on 7/F, Shin Yat Tong Centre, 8-14 Mau Lam Street, Jordan, Kowloon
九龍佐敦茂林街8-14號善一堂中心1字樓至3字樓及7字樓廚房                                                                   ",23321566,23325778.0,0,0,77.0,0.0,77.0,"M/F
男/女                         ","Nil
無              "
11,"Yau Tsim Mong
油尖旺區","Banyan Services Association 
榕光社","Banyan Services Association Home for the Elderly
榕光社護老之家","Units A-D, 1/F, Right Time Building, 21-27 Playing Field Road, Mong Kok, Kowloon
九龍旺角運動場道21-27號運泰大廈1樓A-D室",27639099,27639199.0,0,0,37.0,0.0,37.0,"M/F
男/女                         ","Nil
無              "
13,"Shamshuipo
深水埗區","Hong Kong Baptist Mr. & Mrs. Au Shue Hung Rehabilitation and Healthcare Home Limited
香港浸信會區樹洪伉儷康復護養院有限公司","Hong Kong Baptist Mr. & Mrs. Au Shue Hung Rehabilitation and Healthcare Home Limited
香港浸信會區樹洪伉儷康復護養院有限公司±","Parts of G/F, 1/F & 3/F and whole floors of 4/F-8/F, 55, Cornwall Street, Kowloon Tong, Kowloon.
九龍九龍塘歌和老街55號地下部分、1字樓部分，3字樓部分及4至8字樓全層",27768338,23119122.0,0,0,126.0,0.0,126.0,"M/F
男/女                         ","Christian
基督教                "
14,"Wong Tai Sin
黃大仙區","Chi Lin Nunnery
志蓮淨苑                                     ","Chi Lin Nunnery Chi Lin Home for the Elderly
志蓮淨苑志蓮私家護理安老院                                 ","5/F to 6/F, 5 Chi Lin Drive, Diamond Hill, Kowloon
九龍鑽石山志蓮道5號5字樓至6字樓                                   ",23541113,23267930.0,0,0,90.0,0.0,90.0,"M/F
男/女                         ","Buddhist
佛教   "
15,"Sai Kung
西貢區","Cham Shan Monastery Limited
湛山寺有限公司                                ","Tz'u Te Home for the Aged
湛山寺慈德安老院                                                ","6 Lung Ha Wan Road, Clear Water Bay, Sai Kung, New Territories
新界西貢大坳門龍蝦灣路6號                                                                             ",27191058,22640287.0,0,0,68.0,0.0,68.0,"M/F
男/女                         ","Buddhist
佛教   "
16,"Sai Kung
西貢區","Cham Shan Monastery Limited
湛山寺有限公司                                ","Po Tang Home for the Aged of Cham Shan Monastery
湛山寺寶德護理安老院                                                ","16 Lung Ha Wan Road, Clear Water Bay, New Territories
新界西貢清水灣龍蝦灣路16號                                                                             ",26230368,26230253.0,0,0,64.0,0.0,64.0,"F
女            ","Buddhist
佛教   "
17,"Sai Kung
西貢區","Haven of Hope Christian Service
基督教靈實協會                          ","Haven of Hope Woo Ping Care and Attention Home
靈實胡平頤養院                           ","G/F-4/F, 8 Pui Shing Lane, Tseung Kwan O, Kowloon
九龍將軍澳培成里8號地下至4字樓                                          ",27032000,27032004.0,0,0,274.0,0.0,274.0,"M/F
男/女                         ","Christian
基督教                "
18,"Sai Kung
西貢區","Hong Kong Housing Society
香港房屋協會                       ","Hong Kong Housing Society - Jolly Place Care Home
香港房屋協會－樂頤居安頤閣","1/F, Jolly Place, 2 Pui Shing Lane, Tseung Kwan O, Kowloon
九龍將軍澳培成里2號樂頤居1樓                                         ",27033560,27033562.0,0,0,38.0,0.0,38.0,"M/F
男/女                         ","Nil
無              "
19,"Kwun Tong
觀塘區","The Hong Kong Chinese Christian Churches Union
香港華人基督教聯會                   ","The HKCCCU Kwong Yum Care Home (Integrated Aged Care Service) 
香港華人基督教聯會廣蔭頤養院（綜合安老服務）                                        ","88 Kung Kok Road, Kwun Tong, Kowloon
九龍觀塘功樂道88號                                                                  ",23431331,23574511.0,0,0,226.0,0.0,226.0,"M/F
男/女                         ","Christian
基督教                "
20,"Kwun Tong
觀塘區","Hong Kong Housing Society
香港房屋協會                       ","Hong Kong Housing Society - Cheerful Court Care Home
香港房屋協會－彩頤居喜頤閣   ","Basement 1 (portion) and 2/F, Cheerful Court, 55 Choi Ha Road, Ngau Tau Kok, Kowloon
九龍牛頭角彩霞道55號彩頤居二樓及地庫一樓（部分）",28398068,26081337.0,0,0,55.0,0.0,55.0,"M/F
男/女                         ","Nil
無              "
21,"Shatin
沙田區","Sin Tin Toa Home for the Aged Limited
先天道安老院有限公司","Sin Tin Toa Home for the Aged Limited 
先天道安老院有限公司                                             ","169 Sheung Wo Che, Shatin, New Territories
新界沙田上禾輋169號                                                  ",26911656,26020247.0,0,0,62.0,0.0,62.0,"F
女            ","Buddhist/
Confucian/
Taoist
儒/釋/道教           "
23,"Shatin
沙田區","PA Company Limited
耆智有限公司   ","Jockey Club Centre for Positive Ageing
賽馬會耆智園                                ","Block A, 1/F, Shatin Hospital Compound, 33 A Kung Kok Street, Ma On Shan, Sha Tin, New Territories
新界沙田馬鞍山亞公角街33號沙田醫院A座1字樓                                                                         ",26366323,26360323.0,0,0,39.0,0.0,39.0,"M/F
男/女                         ","Nil
無              "
24,"Shatin
沙田區","Hong Kong Sheng Kung Hui Welfare Council Limited
香港聖公會福利協會有限公司","Hong Kong Sheng Kung Hui Mei Mao Keen Ying Home for the Senior Citizens
香港聖公會米毛劍英長者之家","Parts of G/F & 3/F and 4/F-6/F, 13A Yuen Chau Kok Road, Sha Tin, New Territories
新界沙田圓洲角路13號A地下（部分）、3樓（部分）及4至6樓",26371088,26371099.0,0,0,54.0,0.0,54.0,"M/F
男/女                         ","Christian
基督教                "
25,"North
北區","Fung Kai Public School
鳳溪公立學校                               ","Fung Kai Care and Attention Home for the Elderly - C & A Section
鳳溪護理安老院 - 護理部 ±","4/F - 6/F, 22 Tin Ping Road　(F.S.S.T.L. 174), Sheung Shui, New Territories
新界上水天平路22號（粉嶺上水地段第174號）4至6樓                                                                                       ",26839700,26839740.0,0,0,80.0,0.0,80.0,"M/F
男/女                         ","Nil
無              "
26,"North
北區","The Little Sisters of the Poor
安貧小姊妹會                        ","Little Sisters of the Poor 
St Joseph's Home for the Aged
安貧小姊妹會聖若瑟安老院                        ","18 Po Kin Road, Sheung Shui, New Territories
新界上水保健路18號                                                      ",23205504,23501153.0,0,90,30.0,0.0,120.0,"M/F
男/女                         ","Catholic
天主教      "
28,"Yuen Long
元朗區","Chinese Christian Workers' Fellowship Limited
神召會華人同工聯會有限公司                                 ","Chinese Christian Workers' Fellowship Ltd. Wah Hei Elderly Home (Comet Mansion)
神召會華人同工聯會基督教華禧（金馬）護老院                                          ","Shop 27 on G/F & M/F, Comet Mansion, 45-67 Fung Cheung Road, Yuen Long, New Territories
新界元朗鳳翔路45-67號金馬大廈閣樓及地下27號舖                                                        ","24439950 / 
24439520",24439525.0,0,0,105.0,0.0,105.0,"M/F
男/女                         ","Christian
基督教                "
29,"Tuen Mun
屯門區","Light and Love Home Limited
光愛中心有限公司                             ","Light and Love Home Limited - 
Light and Love Elderly Hostel
光愛中心有限公司 - 光愛敬老院                     ","Flats 2 to 11, G/F, Hing Yiu House, Tai Hing Estate, Tuen Mun, New Territories
新界屯門大興邨興耀樓地下2至11室                                            ",24589797,24631192.0,0,0,56.0,0.0,56.0,"M/F
男/女                         ","Christian
基督教                "
31,"Tuen Mun
屯門區","Ching Leung Fat Yuen Ching Yan Siu Chok Limited
清涼法苑淨恩小築有限公司                                       ","Ching Yan Elderly Home
淨恩安老院                                   ","Lot No. 1826A, DD 132, Tuen Mun, New Territories (also known as 21.5 Milestones, Castle Peak Road, Tuen Mun) 
新界屯門丈量約份第132約1826地段
（亦稱屯門青山公路21咪半）                              ",24681700,24616504.0,0,0,9.0,0.0,9.0,"F
女            ","Buddhist
佛教   "
32,"Tuen Mun
屯門區","Hong Kong Old Age Nursing Association Limited
香港長者護理協會","Fu Tai Elderly Home
富泰護理安老院","2/F - 4/F, Ancillary Facilites Block, Fu Tai Estate, Tuen Mun, New Territories
新界屯門富泰邨服務設施大樓2字樓至4字樓                                         ",31561388,31571377.0,0,0,239.0,0.0,239.0,"M/F
男/女                         ","Nil
無              "
33,"Tuen Mun
屯門區","Miu Fat Buddhist Monastery
妙法寺","MFBM Elderly Home
妙法寺護老院 ±","L1-L5, Dormitory Block, 18 Castle Peak Road, Lam Tei, Tuen Mun, New Territories 
新界屯門藍地青山公路18號院舍座L1-L5",35951008,83431699.0,0,0,55.0,0.0,55.0,"M/F
男/女                         ","Buddhist
佛教   "
34,"Tsuen Wan
荃灣區","Yan Chai Hospital 
仁濟醫院                                     ","Yan Chai Hospital Jockey Club Care and Attention Home
仁濟醫院賽馬會護理安老院                   ","2/F and 3/F, Yan Chai Hospital Multi-services Complex, No. 18 Yan Chai Street, Tsuen Wan, New Territories
新界荃灣仁濟街18號仁濟醫院綜合服務大樓2樓及3樓                                                                      ",24086639,24395739.0,0,0,60.0,0.0,60.0,"M/F
男/女                         ","Nil
無              "
35,"Kwai Tsing
葵青區","ELCHK, Social Service Head Office 
基督教香港信義會社會服務總處","ELCHK, Grace Court
基督教香港信義會恩頤居±","2/F (North), 3/F, 4/F and 7/F (part), Fung Yat Social Service Complex, 364 Kwai Shing Circuit, Kwai Chung, New Territories
新界葵涌葵盛圍364號馮鎰社會服務大樓2樓（北座）、3樓、4樓及7樓（部分）",21552828,21552829.0,0,0,69.0,0.0,69.0,"M/F
男/女                         ","Christian
基督教                "
,,"No. of Homes 
院舍數目",35,"Total No. of Places
宿位小計",,,0,414,2659.0,65.0,3138.0,,
,,"Grand Total
院舍總數",101,,"Grand Total
宿位總數",,0,414,3732.0,2014.0,6160.0,,
1,"Central/Western
中西區","Caritas - Hong Kong
香港明愛                                 ","Caritas Evergreen Home
明愛恩翠苑 *                           ","LG/F (Portion), 1/F & 2/F, Sai Ying Pun Community Complex, 2 High Street, Sai Ying Pun, Hong Kong
香港西營盤高街2號西營盤社區綜合大樓低層（部分）、1字樓及2字樓                                        ",25596685,25596072,0,0,3.0,26.0,29.0,"M/F
男/女                         ","Catholic
天主教      "
2,"Central/Western
中西區","Po Leung Kuk
保良局                                          ","Po Leung Kuk Sai Ying Pun Home for the Elderly cum Day Care Centre for the Elderly
保良局西營盤護老院暨長者日間護理中心 *","Parts of G/F, 1/F, 2/F, 3/F and 5/F, 8 First Street, Sai Ying Pun, Hong Kong
香港西營盤第一街8號地下、1樓、2樓、3樓及5樓（各樓層部分）",27963166,27963177,0,0,4.0,32.0,36.0,"M/F
男/女                         ","Nil
無              "
3,"Central/Western
中西區","Po Leung Kuk
保良局                                          ","Po Leung Kuk Kwok Law Kwai Chun Home for the Elderly
保良局郭羅桂珍護老院 *","G/F to 4/F and portion of roof, 28 Ko Shing Street, Sheung Wan, Hong Kong
香港上環高陞街28號地下至4字樓及部份天台",28586233,28587133,0,0,4.0,39.0,43.0,"M/F
男/女                         ","Nil
無              "
4,"Islands
離島","Po Leung Kuk
保良局                                          ","Po Leung Kuk Tung Chung Home for the Elderly
保良局東涌護老院 *","Portions of G/F to 2/F and 3/F to 5/F, Tung Chung Municipal Services Building, 39 Man Tung Road, Tung Chung, New Territories
新界東涌文東路39號東涌市政大樓地下至2字樓部份及3字樓至5字樓",21092038,21092032,0,0,4.0,38.0,42.0,"M/F
男/女                           ","Nil
無                 "
5,"Islands
離島","World Castle Limited
偉其有限公司","Tung Chung Silverjoy
耆樂東涌 *","G/F (portion), 1/F (portion) and 2/F (portion), Ying Fook House, Ying Tung Estate, 12 Ying Tung Road, Tung Chung, New Territories
新界東涌迎東路12號迎東邨迎福樓地下（部分）、一樓（部分）及二樓（部分）",28898822,28898200,0,0,3.0,27.0,30.0,"M/F
男/女                           ","Nil
無                 "
6,"Eastern
東區","Tung Wah Group of Hospitals
東華三院                                 ","TWGHs Women's Welfare Club Western District, Hong Kong Residential Care Home for the Elderly
東華三院香港西區婦女福利會護養安老院 *","No. 501, 5/F, Oi Sin House, Oi Tung Estate, Shau Kei Wan, Hong Kong
香港筲箕灣愛東邨愛善樓5字樓501室",31562111,31561456,0,0,3.0,29.0,32.0,"M/F
男/女                         ","Nil
無              "
7,"Eastern
東區","St. James' Settlement
聖雅各福群會                             ","Scenic Resort (Nursing Home)
雅明灣畔護養院 *","G/F (part) and 1/F - 4/F, Oi Po House, Oi Tung Estate, Shau Kei Wan, Hong Kong 
香港筲箕灣愛東邨愛寶樓地下（部分）及一字樓至四字樓",31954215,31954205,0,0,5.0,45.0,50.0,"M/F
男/女                         ","Nil
無              "
8,"Wanchai
灣仔區","Hong Kong Tuberculosis, Chest & Heart Diseases Association
香港防癆心臟及胸病協會                                       ","Freni Care and Attention Home
傅麗儀護理安老院","1H, Shiu Fai Terrace, Wan Chai, Hong Kong
香港灣仔肇輝臺1號H      ",22392388,25919223,0,0,90.0,0.0,90.0,"M/F
男/女                         ","Nil
無              "
9,"Wanchai
灣仔區","Po Leung Kuk
保良局                                          ","Po Leung Kuk Wan Chai Home for the Elderly cum Day Care Centre for the Elderly
保良局灣仔護老院暨長者日間護理中心 *","Portions of Level 1.2 (below ground), G/F, M/F, 1/F and 5/F, and 2/F and 3/F, 7A Cross Street, Wan Chai, Hong Kong
香港灣仔交加街7 號A 水平1.2 層(部分)、地下（部分）、閣樓（部分）、一樓（部分）、二樓、三樓及五樓（部分）",26181130,26181737,0,0,3.0,30.0,33.0,"M/F
男/女                         ","Nil
無              "
10,"Kowloon City
九龍城區","Neighbourhood Advice-Action Council (The)
鄰舍輔導會                                ","Neighbourhood Advice-Action Council 
Shanghai Fraternity Association Care & Attention Home for the Elderly (The)
鄰舍輔導會上海總會護理安老院","Part of Level 4 and part of Level 5 of Yan Man House, Homantin Estate and Ko Fai House, Kwun Fai Court, Ho Man Tin, Kowloon
九龍何文田邨欣文樓四樓（部分）及五樓（部分）及冠暉苑高暉閣四樓（部分）及五樓（部分）",22420311,22420211,0,0,4.0,0.0,4.0,"M/F
男/女                         ","Nil
無              "
11,"Kowloon City
九龍城區","Po Leung Kuk
保良局                                          ","Po Leung Kuk Merry Court for the Senior
保良局壬午年耆樂居 *                              ","G/F and 1/F, Choi Man House and Yee Man House, Ho Man Tin Estate, Kowloon
九龍何文田邨釆文樓及綺文樓地下及一樓                 ",22421713,22421579,0,0,4.0,34.0,38.0,"M/F
男/女                         ","Nil
無              "
12,"Yau Tsim Mong
油尖旺區","Salvation Army (The)
救世軍                                                 ","Salvation Army Hoi Tai Residence for Senior Citizens (The)
救世軍海泰長者之家                                             ","2/F, Hoi Tai House, Hoi Fu Court, Hoi Ting Road, Mong Kok West, Kowloon
九龍旺角西海庭道海富苑海泰閣2字樓",21482000,26269992,0,0,34.0,0.0,34.0,"M/F
男/女                         ","Christian
基督教                "
13,"Yau Tsim Mong
油尖旺區","Hongtai Home for the Aged Limited
康泰護老院有限公司","Home of Blessing
嘉裕豐盛 *","2/F and 3/F, 1 Hoi Wang Road, South West Kowloon, Kowloon
九龍西南九龍海泓道1號2樓及3樓",23076422,24867252,0,0,6.0,56.0,62.0,"M/F
男/女                         ","Nil
無              "
14,"Yau Tsim Mong
油尖旺區","Po Leung Kuk
保良局                                          ","Po Leung Kuk Tai Kok Tsui Home for the Elderly cum Cherish Day Care Centre for the Elderly
保良局大角咀護老院暨耆順長者日間護理中心 *","3/F and 5/F, 9 Tai Kok Tsui Road, Kowloon
九龍大角咀道9號三樓及五樓",27963766,27963722,0,0,3.0,32.0,35.0,"M/F
男/女                         ","Nil
無              "
15,"Yau Tsim Mong
油尖旺區","Tung Wah Group of Hospitals
東華三院                                 ","TWGHs D&M Wong Willow Lodge
東華三院黃氏伉儷翠柳頤庭 *","Parts of G/F, 1/F, 2/F and 3/F, 18 Willow Street, Tai Kok Tsui, Kowloon
九龍大角咀柳樹街18號地下（部份）、1樓（部份）、2樓（部份）及3樓（部份）",28056673,28056556,0,0,4.0,35.0,39.0,"M/F
男/女                           ","Nil
無                 "
16,"Yau Tsim Mong
油尖旺區","ELCHK, Social Service Head Office 
基督教香港信義會社會服務總處","ELCHK, Serene Court
基督教香港信義會恩海居 *","G/F, UG/F and 1/F, 12 Hoi Fai Road, Kowloon 
九龍大角咀海輝道12號地下、高層地下、及1字樓",24898000,24817222,0,0,6.0,50.0,56.0,"M/F
男/女                           ","Christian
基督教                "
17,"Shamshuipo
深水埗區","Po Leung Kuk
保良局                                    ","Po Leung Kuk Eco-Home for the Senior cum Sunny Green Day Care Centre for the Senior
保良局癸未年樂頤居暨耆安長者日間護理中心 *","Podium Level (part) & Level 2, Fu Yun House, Fu Cheong Estate, Sham Shui Po, Kowloon
九龍深水埗富昌邨富潤樓平台（部分）及二樓",22674579,22674250,0,0,7.0,62.0,69.0,"M/F
男/女                         ","Nil
無              "
18,"Shamshuipo
深水埗區","Yan Chai Hospital 
仁濟醫院                                     ","Yan Chai Hospital Lee Wai Siu Kee Elderly Home
仁濟醫院李衛少琦安老院 *","G/F (portion), 1/F and 2/F, Un Kin House, Un Chau Estate, 303 Un Chau Street, Sham Shui Po, Kowloon
九龍深水埗元州街303號元州邨元健樓地下（部分）、1字樓及2字樓",24811000,24817333,0,0,4.0,36.0,40.0,"M/F
男/女                           ","Nil
無                 "
19,"Shamshuipo
深水埗區","The Methodist Church, Hong Kong (The)
香港基督教循道衛理聯合教會","The Methodist Church, Hong Kong Yang Memorial Methodist Social Service Sham Shui Po Nursing Home cum Day Care Service (The)
香港基督教循道衛理聯合教會循道衛理楊震社會服務處深水埗護養院暨日間護理服務 *","2/F and 3/F, Ancillary Facilities Block, Shek Kip Mei Estate Phase 2, 100 Woh Chai Street, Sham Shui Po, Kowloon.
九龍深水埗窩仔街100號石硤尾邨二期服務設施大樓二樓及三樓",23423220,23423660,0,0,4.0,36.0,40.0,"M/F
男/女                           ","Christian
基督教                "
20,"Shamshuipo
深水埗區","Tung Wah Group of Hospitals
東華三院    ","TWGHs Pearl Lodge
東華三院灣玥頤庭 *","Unit 302, 3/F & Unit 401, 4/F, Ancillary Facilitaties Block, Cheung Sha Wan Estate, 391 Cheung Sha Wan Road, Kowloon
九龍長沙灣道391號長沙灣邨服務設施大樓3樓302室及4樓401室",24672200,24672020,0,0,6.0,54.0,60.0,"M/F
男/女                         ","Nil
無              "
21,"Shamshuipo
深水埗區","Wai Ying Investment Limited
維盈投資有限公司","
Evergreen (Pratas Street) Nursing Home  
松悅園耆融護養院 *","Portions of G/F and M/F, 1/F and 2/F, 195 Pratas Street, Cheung Sha Wan, Kowloon
九龍長沙灣東沙島街195號地下部份、閣樓部份、1樓及2樓",26190038,26190987,0,0,2.0,18.0,20.0,"M/F
男/女                         ","Nil
無              "
22,"Shamshuipo
深水埗區","Ever Kind Asia Limited
永善亞洲有限公司","Alpine Nursing Home
薈耆頤養院 *","G/F (part), 1/F (part) & 2/F (part), 502 Fuk Wing Street, Sham Shui Po, Kowloon
九龍深水埗福榮街502號地下（部分）、一樓（部分）及二樓（部分）",28112602,28112502,0,0,4.0,36.0,40.0,"M/F
男/女                         ","Nil
無              "
23,"Shamshuipo
深水埗區","Crawfield International Limited
嘉豐國際有限公司","Ka Shui Garden Nursing Home For the Elderly 
嘉瑞園護養院 *","G/F (portion), 3/F (portion) & 4/F (portion), Hoi Tat Estate Ancillary Facilities Block, 38 Sham Mong Road, Kowloon
九龍深旺道38號海達邨服務設施大樓地下（部分）、3字樓（部分）及4字樓（部分）",23939989,23939909,0,0,2.0,18.0,20.0,"M/F
男/女                         ","Nil
無              "
24,"Wong Tai Sin
黃大仙區","Wai Ying Investment Limited
維盈投資有限公司                              ","Evergreen (Tsz Ching) Nursing Home Cum Day Care Centre
松悅園耆逸護養院暨日間護理中心 *","3/F and 4/F, Ancillary Facilities Block, Tsz Ching Estate, Wong Tai Sin, Kowloon
九龍黃大仙慈正邨服務設施大樓3字樓及4字樓   ",26101775,26101738,0,0,4.0,41.0,45.0,"M/F
男/女                         ","Nil
無              "
25,"Wong Tai Sin
黃大仙區","E.T. Investment Limited
頤盈投資有限公司","Oasis Nursing Home
紫雲間沁怡護養院 *","LG/2 (part), G/F (part), 1/F to 6/F and 7/F (part), Lok Foon House, Tsz Lok Estate, Tsz Wan Shan, Kowloon
九龍慈雲山慈樂邨樂歡樓低層2字樓(部分)、地下(部分)、1字樓至6字樓及7字樓（部分)",21550303,21552911,0,0,11.0,100.0,111.0,"M/F
男/女                           ","Nil
無                 "
26,"Sai Kung
西貢區","Hong Kong Sheng Kung Hui Welfare Council Limited
香港聖公會福利協會有限公司  ","Hong Kong Sheng Kung Hui John Yuen Home for the Elderly 
香港聖公會阮維揚長者之家","Portion of G/F, and 1/F, 2/F and 3/F, Hong Kong Sheng Kung Hui Tseung Kwan O Aged Care Complex, 101 Po Lam Road North, Tseung Kwan O, Kowloon
九龍將軍澳寶琳北路101號香港聖公會將軍澳安老服務大樓地下（部分）、1樓、2樓及3樓                             ",27029897,27021622,0,0,60.0,0.0,60.0,"M/F
男/女                         ","Christian
基督教                "
27,"Sai Kung
西貢區","Helping Hand
伸手助人協會","Helping Hand Father Sean Burke Care Home for the Elderly
伸手助人協會畢尚華神父護老頤養院","Lot 1076 in DD 167 (also known as Nin Wah Road, Cheung Muk Tau North), Sai Kung, New Territories
新界西貢丈量約份第167約地段第1076號（亦稱樟木頭北年華路）",21449969,21449906,0,0,1.0,0.0,1.0,"M/F
男/女                           ","Nil
無                 "
28,"Sai Kung
西貢區","Haven of Hope Christian Service
基督教靈實協會","Haven of Hope Ho Chung Elderly Home cum Day Care Centre for the Elderly
靈實蠔涌頤養院暨長者日間護理中心 *","G/F (Portion), 1/F (Portion), 2/F (Portion) and 3/F (Portion), Ho Chung Welfare Facilities Block, No. 168 Hiram's Highway, Ho Chung, Sai Kung, New Territories
新界蠔涌西貢公路168號蠔涌福利設施大樓地下(部分)、一樓(部分)、二樓(部分)及三樓(部分)",27036010,27036428,0,0,1.0,7.0,8.0,"M/F
男/女                           ","Christian
基督教                "
29,"Kwun Tong
觀塘區","Ever Kind Asia Limited
永善亞洲有限公司","Altru Nursing Home
恩耆頤養院 *","4/F, Ancillary Facilities Block, Sau Mau Ping Estate, Kwun Tong, Kowloon
九龍觀塘秀茂坪邨服務設施大樓四樓",26503000,26503080,0,0,4.0,38.0,42.0,"M/F
男/女                           ","Nil
無                 "
30,"Kwun Tong
觀塘區","Tsuen Wan Elderly Centre Limited
荃灣老人中心有限公司","Ka Shui Garden Nursing Home for the Elderly (Tak Tin)
嘉瑞園護養院（德田）*","4/F to 6/F, Tak Yan House, Tak Tin Estate, Lam Tin, Kowloon
九龍藍田德田邨德欣樓四樓至六樓",31571368,31570350,0,0,6.0,54.0,60.0,"M/F
男/女                         ","Nil
無              "
31,"Kwun Tong
觀塘區","Yuen Yuen Institute (The)
圓玄學院","Yuen Yuen Nursing Home cum Day Care Centre for the Elderly (Shun Lee Estate)
圓玄護養院暨長者日間護理中心（順利邨） *","Unit A on 2/F, 3/F and 4/F of Shun Lee Shopping Centre Phase II, Shun Lee Estate, Kowloon
九龍順利邨順利商場二期二樓A室及三至四樓",23411061,23411091,0,0,6.0,60.0,66.0,"M/F
男/女                           ","Buddhist/
Taoist/
Confucian
佛/道/孔"
32,"Kwun Tong
觀塘區","Hong Kong Chinese Women's Club (The)
香港中國婦女會","Hong Kong Chinese Women's Club Madam Wong Chan Sook Ying Memorial Care and Attention Home for the Aged (The)
香港中國婦女會黃陳淑英紀念護理安老院","6 Pik Wan Road, Yau Tong, Kowloon
九龍油塘碧雲道6號",27171351,23468591,0,0,5.0,0.0,5.0,"M/F
男/女                           ","Nil
無                  "
33,"Kwun Tong
觀塘區","Hong Kong Buddhist Association (The)
香港佛教聯合會","Buddhist Sum Ma Shui Ying Care & Attention Home for the Elderly
佛教沈馬瑞英護理安老院","8 Kung Lok Road, Kwun Tong, Kowloon
九龍觀塘功樂道8號",27637838,27637264,0,0,49.0,0.0,49.0,"F
女            ","Buddhist
佛教     "
34,"Kwun Tong
觀塘區","Wai Ying Investment Limited
維盈投資有限公司                              ","Evergreen (On Tai) Nursing Home Cum Day Care Centre
松悅園耆泰護養院暨日間護理中心 *","1/F (portion) and 2/F (portion), On Tai Estate Ancillary Facilities Block, 23 On Sau Road, Kwun Tong, Kowloon
九龍觀塘安秀道23號安泰邨服務設施大樓一樓（部分）及二樓（部分）",26190039,26190313,0,0,2.0,18.0,20.0,"M/F
男/女                         ","Nil
無                 "
35,"Shatin
沙田區","Caritas - Hong Kong
香港明愛                           ","Caritas Harold H.W. Lee Care and Attention Home 
明愛利孝和護理安老院                                              ","17 Kong Pui Street, Shatin, New Territories
新界沙田崗背街17號 ",21642400,21642426,0,0,48.0,0.0,48.0,"M/F
男/女                         ","Catholic
天主教      "
36,"Shatin
沙田區","Chinese Rhenish Church - Hong Kong Synod  (The)     
中華基督教禮賢會香港區會               ","Chinese Rhenish Church Hong Kong Synod 
Wong Siu Ching Rhenish Home For The Elderly　(The) 
中華基督教禮賢會香港區會禮賢會王少清頤養院                          ","G/F & 1/F, Green Heron House, Sha Kok Estate, Shatin, New Territories  
新界沙田沙角邨綠鷺樓地下（部分）及二樓                                                            ",26479291,26450547,0,0,6.0,0.0,6.0,"M/F
男/女                         ","Christian
基督教                "
37,"Shatin
沙田區","Tung Wah Group of Hospitals
東華三院                                 ","TWGHs May Lodge cum Day Care Centre for the Elderly
東華三院名薈頤庭暨長者日間中心 *","Carpark Floor (part) and Carpark Floor High Level, Tai Wai Social Service Building, 1 Mei Tin Road, Tai Wai, Sha Tin, New Territories  
新界沙田大圍美田路１號大圍社會服務大樓停車場層（部分）及停車場高層",23505200,23505618,0,0,4.0,35.0,39.0,"M/F
男/女                           ","Nil
無                 "
38,"Shatin
沙田區","Care & Services Company Limited 
嘉頤護理有限公司","Grand Residence 
嘉頤薈 *","LG/F (portion) and Unit 1 on L1/F, Ming Chuen House, Shui Chuen O Estate, Sha Tin, New Territories
新界沙田水泉澳邨明泉樓L1層1室及地下低層（部分）",26064600,26064328,0,0,4.0,36.0,40.0,"M/F
男/女                           ","Nil
無                 "
39,"Shatin
沙田區","On Fuk Nursing Home Limited
安福護老院有限公司","Sino Chun Yeung Nursing Home 
華創駿洋居 *","101, 1/F, Chun Wu House, Chun Yeung Estate, Fotan, New Territories, Hong  Kong
香港新界火炭駿洋邨駿湖樓一樓101室",27890899,27890029,0,0,3.0,27.0,30.0,"M/F
男/女                           ","Nil
無                 "
40,"Shatin
沙田區","Po Leung Kuk
保良局","Po Leung Kuk Shek Mun Home cum Day Care Centre for the Elderly
保良局碩門護老院暨長者日間護理中心 *","G/F (portion), 1/F to 4/F, Shek Mun Estate Social Service Building, 18 On Muk Street, Shatin, New Territories
新界沙田石門安睦街18號碩門邨社會服務大樓地下（部分）及一至四樓",25485800,28027866,0,0,6.0,54.0,60.0,"M/F
男/女                           ","Nil
無                 "
41,"Tai Po 
大埔","Yan Chai Hospital 
仁濟醫院                                     ","Yan Chai Hospital Tai Po Fu Tip Elderly Home 
仁濟醫院大埔富蝶安老院 *","2/F (Portion), 3/F and 4/F, Social Service Building, Fu Tip Estate, 11 Chung Nga Road, Tai Po, New Territories 
新界大埔頌雅路11號富蝶邨社會服務大樓二樓(部分)、三樓及四樓 ",34685968,34685990,0,0,2.0,18.0,20.0,"M/F
男/女                           ","Nil
無                 "
42,"North
北區","Lucky Stable Limited
祥尊有限公司                            ","Park Prime . Po Shek Wu
柏悅年華．寶石湖 *","Unit No. 1, 3/F-4/F, Po Shek Wu Estate Ancillary Facilities Block, 23 Choi Yuen Roard, Sheung Shui, New Territories
新界上水彩園路23號寶石湖邨服務設施大樓三樓至四樓一號舗                                                                            ",23229338,23229883,0,0,2.0,18.0,20.0,"M/F
男/女                           ","Nil
無                 "
43,"North
北區","On Fuk Nursing Home Limited 
安福護老院有限公司","Sino Kwu Tung Nursing Home cum Day Care Centre
華創古洞護養院暨日間中心 *","1/F (Portion) including flat roof, Kwu Tung North Multi-welfare Services Complex, 6 Pak Sau Road, North, New Territories
新界北區柏壽路6號古洞北福利服務綜合大樓1樓（部分）包括平台",27890555,26825266,0,0,5.0,43.0,48.0,"M/F
男/女                           ","Nil
無                 "
44,"North
北區","Senior Care Limited 
善頤護老","Senior Care Amity
善頤心薈 *","2/F (Portion), Kwu Tung North Multi-welfare Services Complex, 6 Pak Sau Road, North, New Territories
新界北區柏壽路6號古洞北福利服務綜合大樓2樓（部分）",23283628,23283968,0,0,5.0,43.0,48.0,"M/F
男/女                           ","Nil
無                 "
45,"North
北區","Great Honour Home for Elderly Limited 
恩榮護老有限公司","Joyous Garden
聚柏園 *","3/F (Portion), Kwu Tung North Multi-welfare Services Complex, 6 Pak Sau Road, North, New Territories
新界北區柏壽路6號古洞北福利服務綜合大樓3樓（部分）",23880925,23880927,0,0,100.0,0.0,100.0,"M/F
男/女                           ","Nil
無                 "
46,"North
北區","Gericare Centre Limited  
保德護老中心有限公司","Pine Care Jade Maison 
松齡翠軒 *","4/F (Portion), Kwu Tung North Multi-welfare Services Complex, 6 Pak Sau Road, North, New Territories
新界北區柏壽路6號古洞北福利服務綜合大樓4樓（部分）",26508102,26508022,0,0,100.0,0.0,100.0,"M/F
男/女                           ","Nil
無                 "
47,"North
北區",Vast Honour Limited,"Joyful Garden 
睿柏園 *","5/F (Portion), Kwu Tung North Multi-welfare Services Complex, 6 Pak Sau Road, North, New Territories
新界北區柏壽路6號古洞北福利服務綜合大樓5樓（部分）",23880859,23880875,0,0,100.0,0.0,100.0,"M/F
男/女                           ","Nil
無                 "
48,"North
北區","Azure Elderly Care Limited 
蔚耆苑有限公司","Ashine Elderly Care 
皪耆苑 *","6/F (Portion), Kwu Tung North Multi-welfare Services Complex, 6 Pak Sau Road, North, New Territories
新界北區柏壽路6號古洞北福利服務綜合大樓6樓（部分）",29555008,29555088,0,0,100.0,0.0,100.0,"M/F
男/女                           ","Nil
無                 "
49,"North
北區","Comfort Elderly Home Limited 
温馨護老中心有限公司","Comfort Home For the Elderly 
温馨長者之家 *","7/F (Portion), Kwu Tung North Multi-welfare Services Complex, 6 Pak Sau Road, North, New Territories
新界北區柏壽路6號古洞北福利服務綜合大樓7樓（部分）",23203131,23273799,0,0,100.0,0.0,100.0,"M/F
男/女                           ","Nil
無                 "
50,"North
北區","Heung Hoi Ching Kok Lin Association
香海正覺蓮社","Heung Hoi Ching Kok Lin Association 
Buddhist Li Chong Yuet Ming Nursing Home for the Elderly
香海正覺蓮社主辦佛教李莊月明護養院","5 Po Ping Road, Sheung Shui, New Territories
新界上水保平路5號",21450238,21450236,0,0,0.0,5.0,5.0,"M/F
男/女                           ","Nil
無                 "
51,"North
北區",Vast Honour Limited,"Graceful Garden
瑞柏園 *","2/F (Portion), 3/F (Portion) and 4/F (Portion), Queens Hill Community Complex, 6 Lung Chun Road, Fanling, New Territories
新界粉嶺龍峻路6號皇后山社區綜合大樓二樓（部分）、三樓（部分）及四樓（部分）",26115301,23122256,0,0,3.0,27.0,30.0,"M/F
男/女                           ","Nil
無                 "
52,"Yuen Long
元朗區","Pok Oi Hospital
博愛醫院                            ","Pok Oi Hospital Jockey Club Care and Attention Home 
博愛醫院賽馬會護理安老院                       ","Lot 1392 and Lot 837 R.P. in D.D. 115, Au Tau, Yuen Long, New Territories
新界元朗坳頭第115約第1392地段及837餘地段",24702266,24700346,0,0,48.0,0.0,48.0,"M/F
男/女                         ","Nil
無              "
53,"Yuen Long
元朗區","Pok Oi Hospital
博愛醫院                            ","Pok Oi Hospital Centenary Chan See Memorial Nursing Home cum Day Care Centre
博愛醫院百周年陳是紀念護養院暨日間中心 *                       ","2/F to 4F, 10 Kwong Yip Street, Yuen Long, New Territories
新界元朗擴業街10號二樓至四樓",27120998,27120977,0,0,5.0,45.0,50.0,"M/F
男/女                         ","Nil
無              "
54,"Yuen Long
元朗區","Po Leung Kuk
保良局                                          ","Po Leung Kuk Tin Yan Home for the Elderly cum Green Joy Day Care Centre for the Elderly
保良局天恩護老院暨耆昌長者日間護理中心*","3/F and 4/F, Ancillary Facilities Block, Tin Yan Estate, Tin Shui Wai, New Territories
新界天水圍天恩邨服務設施大樓三樓及四樓",37410850,37410851,0,0,3.0,29.0,32.0,"M/F
男/女                           ","Nil
無                 "
55,"Tuen Mun
屯門區","Hong Kong Baptist
Mr & Mrs Au Shue Hung Rehabilitation and Healthcare Home Limited
香港浸信會區樹洪伉儷
康復護養院有限公司","The Greenville Care Home
青怡居 *","B/F (portion), G/F (portion), 1/F (portion), 2/F (portion), 3/F (portion) and 5/F (portion), 2 Tsing Min Path, Tuen Mun, New Territories
新界屯門青棉徑2號地庫（部分）、地下（部分）、一樓（部分）、二樓（部份）、三樓（部分）及五樓（部分）",36195515,36195533,0,0,4.0,36.0,40.0,"M/F
男/女                           ","Nil
無                 "
56,"Tsuen Wan
荃灣區","Caritas - Hong Kong
香港明愛                                 ","Caritas Jockey Club Everbright Home
明愛賽馬會恩暉苑","G/F (portion), 1/F (portion), 4/F (portion) & 5/F-7/F Caritas Jockey Club Tsuen Wan Social Service Building, 9 Shing Mun Road, Tsuen Wan, New Territories
新界荃灣城門道9號明愛賽馬會荃灣服務樓地下（部分）、1字樓（部分）、4字樓（部分）及5字樓至7字樓",37072046,36184480,0,0,32.0,0.0,32.0,"M/F
男/女                           ","Catholic
天主教      "
57,"Tsuen Wan
荃灣區","Yuen Yuen Institute (The)
圓玄學院","Yuen Yuen Nursing Home cum Day Care Centre for the Elderly (Lei Muk Shue Estate) 
圓玄護養院暨長者日間護理中心(梨木樹邨)  *","1/F-3/F, Hong Shue House, Lei Muk Shue Estate, Tsuen Wan, New Territories
新界荃灣梨木樹邨康樹樓1至3字樓
",24221681,24223661,0,0,4.0,41.0,45.0,"M/F
男/女                         ","Buddhist/
Taoist/
Confucian
佛/道/孔"
58,"Tsuen Wan
荃灣區","E.T. Investment Limited
頤盈投資有限公司","Olive Nursing Home cum Day Care Unit for the Elderly
紫雲間雋逸護養院暨長者日間護理單位 *","
G/F and 2/F (portion), 48 Wing Shun Street, Tsuen Wan, New Territories
新界荃灣永順街48號地下及2樓（部分）
",3520 2133,3520 2131,0,0,2.0,18.0,20.0,"M/F
男/女                         ","Nil
無                 "
59,"Kwai Tsing
葵青區","Chinese Rhenish Church - Hong Kong Synod  (The)     
中華基督教禮賢會香港區會               ","Sze Tian Rhenish Home for the Elderly 
禮賢會詩田頤養院","5/F, Block 5, Kwai Shing West Estate, Kwai Chung, New Territories
新界葵涌葵盛西邨5座5字樓",24272671,24191927,0,0,6.0,0.0,6.0,"M/F
男/女                           ","Christian
基督教                "
60,"Kwai Tsing
葵青區","Po Leung Kuk
保良局                                          ","Po Leung Kuk Comfort Court for the Senior cum
Evergreen Day Care Centre for the Elderly
保良局樂安居暨耆盛長者日間護理中心  *","G/F (part) and 2/F (part) to 7/F, Shing Wo House, Kwai Shing East Estate, Kwai Chung, New Territories
新界葵涌葵盛東邨盛和樓地下（部分）及二樓（部分）至七樓",35202770,35202771,0,0,10.0,86.0,96.0,"M/F
男/女                         ","Nil
無              "
61,"Kwai Tsing
葵青區","Charmind Limited
卓金有限公司","Evergreen Nursing Home cum Day Care Centre
松悅園耆欣護養院暨日間護理中心  *","LG/F (part), G/F (part), 1/F - 3/F, Lai Shek House, Shek Yam Estate, Kwai Chung, New Territories
新界葵涌石蔭邨禮石樓低層地下（部分）、地下（部分）及一樓至三樓",26190881,26190700,0,0,6.0,56.0,62.0,"M/F
男/女                         ","Nil
無              "
62,"Kwai Tsing
葵青區","Wai Ying Investment Limited
維盈投資有限公司                              ","Evergreen (Kwai Chung Estate) Nursing Home 
松悅園耆和護養院 *","Unit 2 Podium Level 3, Kwai Chung Shopping Centre, Kwai Chung Estate, New Territories
新界葵涌邨葵涌商場第三層平台2號",22794692,22794693,0,0,4.0,34.0,38.0,"M/F
男/女                         ","Nil
無                 "
63,"Kwai Tsing
葵青區","Azure Elderly Care Limited 
蔚耆苑有限公司","Aura Nursing Home cum Day Care Centre
耀耆頤養院暨日間中心 *","G/F (portion) and Room 103, Podium 1/F, Kwai Tsui Estate, Kwai Chung, New Territories
新界葵涌葵翠邨地下（部分）及平台一層103室",28893551,28893557,0,0,3.0,27.0,30.0,"M/F
男/女                         ","Nil
無                 "
,,"No. of Homes 
院舍數目",63,"Total No. of Places
宿位小計",,,0,0,1073.0,1729.0,2802.0,,
,,"Grand Total
院舍總數",101,,"Grand Total
宿位總數",,0,414,3732.0,2014.0,6160.0,,
1,"Southern
南區","The Hong Kong Anti-Cancer Society
香港防癌會","The Hong Kong Anti-Cancer Society Jockey Club Cancer Rehabilitation Centre
香港防癌會賽馬會癌症康復中心","30 Nam Long Shan Road, Wong Chuk Hang, Hong Kong
香港黃竹坑南朗山道30號",39213888,39213822.0,0,0,0.0,92.0,92.0,"M/F
男/女                         ","Nil
無              "
2,"Sai Kung
西貢區","Haven of Hope Christian Service
基督教靈實協會                          ","Haven of Hope Sister Annie Skau Holistic Care Centre
靈實司務道寧養院± # ","19-21 Haven of Hope Road, Tseung Kwan O, Kowloon
九龍將軍澳靈實路19-21號",27033000,27035575.0,0,0,0.0,98.0,98.0,"M/F
男/女                         ","Christian
基督教                "
3,"Shatin
沙田區","The Society for the Promotion of Hospice Care
善寧會                          ","Jockey Club Home for Hospice
賽馬會善寧之家","18 A Kung Kok Shan Rd, Shatin, New Territories
新界沙田亞公角山路18號",23317000,23362776.0,0,0,0.0,30.0,30.0,"M/F
男/女                         ","Nil
無                 "
,,"No. of Homes 
院舍數目",3,"Total No. of Places
宿位小計",,,0,0,0.0,220.0,220.0,,
,,"Grand Total
院舍總數",101,,"Grand Total
宿位總數",,0,414,3732.0,2014.0,6160.0,,
